candidate_id,tfidf_pc1_frozen,behav_splitA_source_mean,behav_has_retweet_A
C0001,-0.0740995733619974,-0.6625,1.0
C0002,0.2383160712763778,0.5829268,1.0
C0003,-0.3592674714746925,-0.66818184,1.0
C0004,0.2840027582097263,0.60714287,1.0
C0005,-0.2712062609253156,-0.755,1.0
C0006,0.2476797224619187,0.70714283,1.0
C0007,-0.3029320054392678,-0.65217394,1.0
C0008,0.2361519504827959,0.7,1.0
C0009,-0.2205599272770566,-0.67142856,1.0
C0010,0.3055304075819396,0.65555555,1.0
C0011,-0.3630394981168836,-0.6116667,1.0
C0012,0.3485773824628144,0.60925925,1.0
C0013,-0.2508652301797929,-0.7083333,1.0
C0014,0.2723177864737089,0.6625,1.0
C0015,-0.2494925762798499,-0.335,1.0
C0016,0.3247988217352924,0.79,1.0
C0017,-0.3046496277137445,-0.64827585,1.0
C0018,0.2936300219580772,0.8,1.0
C0019,-0.175142466369695,-0.48333332,1.0
C0020,0.2443743697627458,0.63,1.0
C0021,0.1966761492624928,0.29871795,1.0
C0022,-0.2421227198921432,-0.6944444,1.0
C0023,0.2606827435842661,0.67,1.0
C0024,-0.376698367838901,-0.725,1.0
C0025,0.1295803091562714,0.675,1.0
C0026,-0.1854284733319831,-0.43055555,1.0
C0027,-0.2973821019587215,-0.5466667,1.0
C0028,0.2644521669700517,0.40416667,1.0
C0029,-0.214023043665151,-0.25263157,1.0
C0030,0.3089576443223761,0.5607143,1.0
C0031,-0.3634715184834206,-0.6666667,1.0
C0032,-0.1189786961657466,-0.25384617,1.0
C0033,0.2083103148999856,0.69,1.0
C0034,-0.2974039618122764,-0.75,1.0
C0035,0.2363409345767979,0.74,1.0
C0036,-0.2575789459006558,-0.54545456,1.0
C0037,0.226714498373461,0.6375,1.0
C0038,-0.2380442928777391,-0.5425,1.0
C0039,0.2277776101271214,0.24,1.0
C0040,-0.3326970761848051,-0.45789474,1.0
C0041,0.1736289524765518,0.0,0.0
C0042,-0.281629214247363,-0.37142858,1.0
C0043,0.2840776318534523,0.60694444,1.0
C0044,-0.1817806417330478,-0.15,1.0
C0045,0.3056489295042384,0.75,1.0
C0046,0.3701692871552957,0.76891893,1.0
C0047,-0.3104038872343006,-0.7026316,1.0
C0048,0.2956685094546211,0.05,1.0
C0049,-0.0751216116970018,-0.15,1.0
C0050,0.2877781421735217,0.596875,1.0
C0051,-0.1197604535796723,-0.215625,1.0
C0052,-0.2315278923675547,-0.78333336,1.0
C0053,0.2166881367010174,0.35,1.0
C0054,-0.2209692326525242,-0.5029412,1.0
C0055,0.3342216585632017,0.73205125,1.0
C0056,-0.370371369495599,-0.5875,1.0
C0057,0.2999540115981375,0.6666667,1.0
C0058,0.1081221643459761,0.37272727,1.0
C0059,0.0795282490456036,0.39736843,1.0
C0060,-0.141434467716894,-0.28125,1.0
C0061,-0.2270820482248375,-0.53,1.0
C0062,0.3134308619688606,0.67615384,1.0
C0063,-0.3526884531265082,-0.70625,1.0
C0064,0.2445108295759541,0.4978261,1.0
C0065,-0.2139055333866942,-0.566,1.0
C0066,0.2414231398623245,0.79545456,1.0
C0067,-0.3117343022159807,-0.55833334,1.0
C0068,0.3793003476515143,0.81666666,1.0
C0069,-0.3027945852525628,-0.665,1.0
C0070,0.2243692925033239,0.68,1.0
C0071,-0.3251930166380989,-0.684375,1.0
C0072,0.2803698799531062,0.59375,1.0
C0073,-0.2408513060656242,-0.43888888,1.0
C0074,0.2360943246714658,0.62083334,1.0
C0075,-0.2638574138813587,-0.64285713,1.0
C0076,0.0837179162010447,0.34,1.0
C0077,-0.230344183092494,-0.53,1.0
C0078,0.1959331823350347,0.375,1.0
C0079,-0.167811335049039,-0.50789475,1.0
C0080,0.1088455074479028,0.25,1.0
C0081,-0.3574191942148295,-0.7083333,1.0
C0082,0.177508493035754,0.8142857,1.0
C0083,-0.1153714320048762,-0.45,1.0
C0084,0.129499398540365,0.24,1.0
C0085,-0.3907426263140205,-0.775,1.0
C0086,-0.0411868850138435,0.04375,1.0
C0087,-0.1687927795498547,-0.325,1.0
C0088,0.1372509711053441,0.0,0.0
C0089,-0.3013148053592053,-0.4,1.0
C0090,0.3856340482388511,0.78125,1.0
C0091,-0.3654363812442248,-0.35555556,1.0
C0092,0.2152699049766316,0.34,1.0
C0093,-0.3020307384790553,-0.6547619,1.0
C0094,0.1528111725573619,0.6166667,1.0
C0095,-0.0884734948235811,-0.2375,1.0
C0096,0.3216264300409374,0.6720588,1.0
C0097,-0.2211253180367196,-0.45,1.0
C0098,0.2387403579142082,0.35357141,1.0
C0099,-0.2549168616632466,-0.53333336,1.0
C0100,0.3458406214337367,0.6909091,1.0
C0101,-0.1289039680802583,0.0,0.0
C0102,-0.2888545875707004,-0.6359375,1.0
C0103,0.2514829827517366,0.6840909,1.0
C0104,-0.2725818987577971,-0.71875,1.0
C0105,-0.3626924592051136,-0.6625,1.0
C0106,0.3515939999911691,0.5710526,1.0
C0107,-0.0926328104288754,0.022222223,1.0
C0108,-0.1269816293598848,-0.03,1.0
C0109,0.3680120793129717,0.658,1.0
C0110,-0.23440642787987,-0.575,1.0
C0111,-0.196921057616427,-0.57,1.0
C0112,0.3977328022946694,0.7416667,1.0
C0113,-0.0244257768043132,-0.35,1.0
C0114,0.2727080995457521,0.6638889,1.0
C0115,-0.2740923927467738,-0.5673913,1.0
C0116,0.3493381904686421,0.7625,1.0
C0117,-0.3599867820351044,-0.6853448,1.0
C0118,0.2145944618461813,0.6388889,1.0
C0119,-0.060400451425986,0.004166667,1.0
C0120,0.2931684351951803,0.68333334,1.0
C0121,-0.2250169930721303,-0.45714286,1.0
C0122,0.249469947226947,0.6035714,1.0
C0123,-0.2426967297139196,-0.55,1.0
C0124,0.1159012559519207,0.545,1.0
C0125,-0.3437045326235352,-0.75,1.0
C0126,0.272858276180319,0.62333333,1.0
C0127,-0.3059049722850456,-0.64285713,1.0
C0128,0.1840317089637739,0.425,1.0
C0129,0.1185204505984029,0.7777778,1.0
C0130,0.3424664300715186,0.6939394,1.0
C0131,-0.2860045024596746,-0.27,1.0
C0132,0.3144356304531784,0.68333334,1.0
C0133,-0.3936871463318302,-0.81666666,1.0
C0134,0.3044803463138048,0.64285713,1.0
C0135,-0.2321892414042613,-0.69,1.0
C0136,0.3486671233953319,0.7117647,1.0
C0137,0.0707397542558737,-0.15,1.0
C0138,-0.3106548305512659,-0.8333333,1.0
C0139,-0.3669866697145066,-0.63928574,1.0
C0140,0.2973658307707286,0.52619046,1.0
C0141,-0.2339631207488501,-0.62777776,1.0
C0142,0.2845980839058635,0.67903227,1.0
C0143,-0.1726377278188123,-0.34666666,1.0
C0144,0.1192705616305104,0.42916667,1.0
C0145,-0.1850831757971057,-0.025,1.0
C0146,0.2043465111076536,0.49,1.0
C0147,-0.0485164549256108,-0.27222222,1.0
C0148,0.0780217274270528,0.1,1.0
C0149,-0.2236370187167388,-0.625,1.0
C0150,-0.1226310665254807,-0.5,1.0
C0151,0.1808596144071674,0.5,1.0
C0152,-0.215041439097146,-0.47884616,1.0
C0153,0.2083534139956281,0.75555557,1.0
C0154,-0.2308337573659714,-0.6032258,1.0
C0155,0.1327600183646241,0.48125,1.0
C0156,-0.3071806488009701,-0.621875,1.0
C0157,0.2645785550249451,0.5346154,1.0
C0158,-0.3845103821716548,-0.75,1.0
C0159,0.2579348941928986,0.65,1.0
C0160,-0.2898716089451529,-0.54444444,1.0
C0161,0.2726053751705165,0.5083333,1.0
C0162,-0.331729729028493,-0.71590906,1.0
C0163,0.3044115260149838,0.6534483,1.0
C0164,-0.4690566645232941,-0.7,1.0
C0165,0.1120172588840039,0.06,1.0
C0166,-0.310961549344297,-0.60833335,1.0
C0167,0.1741402623114526,0.8,1.0
C0168,-0.3072756319314122,-0.5952381,1.0
C0169,0.2854329649500029,0.6269231,1.0
C0170,-0.3143632641003572,-0.49,1.0
C0171,0.29879390085675,0.6666667,1.0
C0172,-0.2955292000256415,-0.553125,1.0
C0173,0.2783091565412768,0.6,1.0
C0174,-0.3065868889923923,-0.68214285,1.0
C0175,0.1541513736668033,0.35526314,1.0
C0176,-0.3767362438142007,-0.46,1.0
C0177,0.1367219087685605,0.85,1.0
C0178,0.2446305766089803,0.50086206,1.0
C0179,-0.3535230604808119,-0.45,1.0
C0180,0.2954742045732864,0.69473684,1.0
C0181,-0.1929466241327246,-0.4,1.0
C0182,0.1483172618891607,0.55,1.0
C0183,-0.2294896872051865,-0.7,1.0
C0184,-0.3479634249688418,-0.6075758,1.0
C0185,0.3134169523840707,0.66842103,1.0
C0186,-0.2579564114766681,-0.69736844,1.0
C0187,0.3547046374820303,0.71666664,1.0
C0188,-0.4041761572553332,-0.658,1.0
C0189,0.0539410648638902,0.35535714,1.0
C0190,-0.1567996948246274,-0.071428575,1.0
C0191,0.3503737800692709,0.7382353,1.0
C0192,-0.2424311491148474,-0.575,1.0
C0193,0.2430659890779012,0.6375,1.0
C0194,-0.2756307043847746,-0.50666666,1.0
C0195,0.350547019283383,0.7625,1.0
C0196,-0.2834892847783877,-0.67017543,1.0
C0197,0.2137335932000969,0.47804055,1.0
C0198,-0.2999715916311625,-0.4125,1.0
C0199,0.1237463129709516,0.31111112,1.0
C0200,-0.2949975852192318,-0.6666667,1.0
C0201,0.1668289626520795,0.35263157,1.0
C0202,-0.2079668223919264,-0.5,1.0
C0203,0.4302370548116641,0.74230766,1.0
C0204,-0.2487000795260169,-0.23,1.0
C0205,0.3303580483192327,0.81666666,1.0
C0206,0.1020643783444583,0.23125,1.0
C0207,-0.3606743840867494,-0.67777777,1.0
C0208,0.280283481710754,0.60714287,1.0
C0209,-0.2216402167821883,-0.5625,1.0
C0210,0.3251472724095602,0.60967743,1.0
C0211,-0.2059538233344488,-0.32352942,1.0
C0212,0.36986032783532,0.375,1.0
C0213,-0.16432278980329,-0.65833336,1.0
C0214,0.3047129762189225,0.7131579,1.0
C0215,-0.3378646769623636,-0.55,1.0
C0216,0.2703791267261605,0.57708335,1.0
C0217,-0.3313393806410387,-0.65,1.0
C0218,0.1256711651663898,0.45,1.0
C0219,-0.2341283712508258,-0.7,1.0
C0220,0.2948542591474837,0.6289474,1.0
C0221,-0.1622725256291403,-0.58,1.0
C0222,0.1659231015440487,0.23387097,1.0
C0223,-0.2448059032069527,-0.4738095,1.0
C0224,0.3306041710046792,0.7617647,1.0
C0225,-0.2190033864046467,-0.46666667,1.0
C0226,0.2978524738517255,0.6789474,1.0
C0227,-0.3359653480388248,-0.584,1.0
C0228,0.131369622623221,0.4201923,1.0
C0229,-0.0457578728222424,-0.471875,1.0
C0230,0.3036237272224704,0.58055556,1.0
C0231,-0.2778804702666244,-0.45,1.0
C0232,0.2570421162036772,0.6357143,1.0
C0233,-0.3134228936541188,-0.6402778,1.0
C0234,0.0662179690452532,0.32857144,1.0
C0235,-0.4186127179427324,-0.75555557,1.0
C0236,0.2727182394337339,0.6382353,1.0
C0237,-0.3169942132758591,-0.5625,1.0
C0238,0.1999143372010738,0.62682927,1.0
C0239,-0.2759885764244963,-0.53333336,1.0
C0240,0.357248190479655,0.69210523,1.0
C0241,0.2389014289251171,0.6537037,1.0
C0242,-0.1394504801762872,-0.3272727,1.0
C0243,0.282965086205529,0.65,1.0
C0244,-0.3498491469223827,-0.71428573,1.0
C0245,0.1689931281019807,0.46923077,1.0
C0246,-0.3569319492941897,-0.49,1.0
C0247,0.3350126465132037,0.66392404,1.0
C0248,-0.3689249304270233,-0.56,1.0
C0249,0.1943701993946331,0.68333334,1.0
C0250,-0.2657255006901518,-0.55714285,1.0
C0251,0.3762162183630578,0.59,1.0
C0252,-0.3649143488524516,-0.54285717,1.0
C0253,0.2857608689873885,0.74285716,1.0
C0254,-0.2477778637753907,-0.39166668,1.0
C0255,0.2296788852691145,0.45625,1.0
C0256,-0.1599202679520886,-0.71666664,1.0
C0257,0.2051672067467537,0.5925926,1.0
C0258,0.2408930509864395,0.76428574,1.0
C0259,-0.1368512932935383,-0.69166666,1.0
C0260,0.1394462013870725,0.552,1.0
C0261,-0.2325050447640969,-0.63214284,1.0
C0262,0.1844932704801665,0.39833334,1.0
C0263,-0.2542138070779541,-0.6140625,1.0
C0264,0.3164074333973317,0.66,1.0
C0265,-0.3131460943046371,-0.62608695,1.0
C0266,0.3464027286885011,0.65555555,1.0
C0267,-0.2140834379078556,-0.7,1.0
C0268,0.2868663212203781,0.7470588,1.0
C0269,0.0596688063752351,-0.040625,1.0
C0270,-0.2722798785761421,-0.6375,1.0
C0271,0.3050994987324613,0.66136366,1.0
C0272,-0.2732921014949477,-0.5,1.0
C0273,0.1679919655762276,0.50416666,1.0
C0274,-0.405175126593585,-0.6857143,1.0
C0275,0.1235693680617446,0.414,1.0
C0276,-0.1242082858088296,0.0,0.0
C0277,0.2149687029331764,0.5,1.0
C0278,0.2203610346468918,0.6375,1.0
C0279,-0.2946550642909855,-0.6227273,1.0
C0280,0.2326300291797884,0.6,1.0
C0281,-0.3239961854090919,-0.6666667,1.0
C0282,0.1330930238370893,0.5,1.0
C0283,-0.3243233277731628,-0.64285713,1.0
C0284,0.305894477748048,0.6766667,1.0
C0285,-0.2785093699805823,-0.75,1.0
C0286,0.2498393733025638,0.6722222,1.0
C0287,-0.1257911367620125,-0.328125,1.0
C0288,0.193220241471011,0.65,1.0
C0289,0.2029728278873563,0.38,1.0
C0290,-0.2800188847216772,-0.575,1.0
C0291,-0.3067605559237933,-0.645,1.0
C0292,-0.2095738859088553,-0.57272726,1.0
C0293,0.2647043524889075,0.725,1.0
C0294,-0.1647959677496431,-0.5637931,1.0
C0295,0.1903863276064973,0.34615386,1.0
C0296,-0.2319925474931819,-0.47857141,1.0
C0297,0.3116553403360094,0.6666667,1.0
C0298,-0.206488916233975,-0.575,1.0
C0299,0.1254820149082359,0.53333336,1.0
C0300,-0.3692840880147571,-0.51285714,1.0
C0301,0.2540807048789361,0.4763158,1.0
C0302,-0.336093682866478,-0.66818184,1.0
C0303,0.356195240256229,0.6875,1.0
C0304,-0.1905166169679576,-0.45,1.0
C0305,0.3651908782062077,0.69655174,1.0
C0306,-0.1874868540100984,-0.65,1.0
C0307,0.2168572231725805,0.4076923,1.0
C0308,-0.2225068042907772,-0.825,1.0
C0309,0.2536461075128225,0.7,1.0
C0310,-0.3616143925645598,-0.634,1.0
C0311,0.3490221109915858,0.715625,1.0
C0312,-0.2114130869825589,-0.6035714,1.0
C0313,-0.1892302572046417,-0.27857143,1.0
C0314,0.3014523400088056,0.80714285,1.0
C0315,-0.2348217955116631,-0.69,1.0
C0316,0.3166872311415269,0.7625,1.0
C0317,0.0188688325470254,0.018181818,1.0
C0318,0.2005102502371405,0.5576923,1.0
C0319,-0.2638168261957349,-0.775,1.0
C0320,0.0683047771026603,0.34047619,1.0
C0321,-0.2901611336026103,-0.49666667,1.0
C0322,0.2377368509234746,0.50333333,1.0
C0323,-0.3008755239587585,-0.69,1.0
C0324,0.1256588313030963,0.55,1.0
C0325,-0.3148473725843785,-0.6272727,1.0
C0326,0.2268782435318728,0.6333333,1.0
C0327,0.17882620166443,0.60333335,1.0
C0328,-0.2782605622338361,-0.45,1.0
C0329,0.1867671406660258,0.5342105,1.0
C0330,-0.2746553667735254,-0.6254717,1.0
C0331,0.2589401587069046,0.62608695,1.0
C0332,0.2952267636059654,0.59583336,1.0
C0333,-0.2766063887570968,-0.58076924,1.0
C0334,0.0821999721496727,0.675,1.0
C0335,-0.2335589872324712,-0.365,1.0
C0336,0.1277873031910874,0.54583335,1.0
C0337,-0.2439056395997879,-0.36,1.0
C0338,0.3328938609541513,0.765,1.0
C0339,-0.098390042976649,-0.20882353,1.0
C0340,0.1782343356926805,0.0,0.0
C0341,-0.3275937467723163,-0.6571429,1.0
C0342,0.3268904308059976,0.7482143,1.0
C0343,-0.4205232571143251,-0.6375,1.0
C0344,0.3182922405524552,0.62941176,1.0
C0345,-0.1511560553194989,-0.5388889,1.0
C0346,0.2578307623833905,0.705,1.0
C0347,0.0487018314192032,0.16428572,1.0
C0348,0.2323401017216877,0.40625,1.0
C0349,-0.3369248654467867,-0.62222224,1.0
C0350,0.2044789488824062,0.77,1.0
C0351,-0.0628085122915738,-0.425,1.0
C0352,0.2107986458951908,0.585,1.0
C0353,0.1654550962800333,0.3642857,1.0
C0354,-0.3378239501305309,-0.67,1.0
C0355,-0.2790403123900811,-0.64285713,1.0
C0356,0.2435901672322347,0.5972222,1.0
C0357,-0.1500839188565986,-0.4,1.0
C0358,0.2664951260471616,0.49347827,1.0
C0359,-0.1623013957884209,-0.21111111,1.0
C0360,0.2909773549617551,0.7785714,1.0
C0361,-0.1933260031063576,0.0,0.0
C0362,0.2455276319439948,0.7026316,1.0
C0363,-0.3675331139693023,-0.64285713,1.0
C0364,0.2454004077088038,0.74,1.0
C0365,-0.097953721143971,-0.725,1.0
C0366,0.174404376742972,0.3342857,1.0
C0367,-0.2604992757787764,-0.71875,1.0
C0368,0.2578193109561731,0.51842105,1.0
C0369,-0.2534834115890798,-0.571875,1.0
C0370,0.2197079813788588,0.40681818,1.0
C0371,0.0854860491954169,0.24666667,1.0
C0372,-0.2896666197264089,-0.725,1.0
C0373,0.0973924104749832,0.01,1.0
C0374,-0.294812307363231,-0.41875,1.0
C0375,0.4021669987463956,0.69464284,1.0
C0376,-0.1810785368137272,-0.2625,1.0
C0377,0.2380766177302178,0.6333333,1.0
C0378,0.2662563686919854,0.5826923,1.0
C0379,-0.3473121176367725,-0.64166665,1.0
C0380,0.316327964535058,0.6318182,1.0
C0381,-0.2703649587061396,-0.73125,1.0
C0382,0.2024771489450018,0.381,1.0
C0383,-0.19360285261073,-0.47,1.0
C0384,0.2187926537890424,0.6181818,1.0
C0385,-0.3113072325208069,-0.7411765,1.0
C0386,0.1607217844975756,0.016666668,1.0
C0387,0.1276219766409782,0.36923078,1.0
C0388,0.1882359277203774,0.45,1.0
C0389,-0.2716181613807326,-0.7,1.0
C0390,0.1519369168022486,0.22692308,1.0
C0391,-0.2060869396327054,-0.48064515,1.0
C0392,0.2817290469448799,0.721875,1.0
C0393,-0.0563218544046275,-0.34,1.0
C0394,0.3116997974542076,0.6694915,1.0
C0395,-0.0549879903824427,-0.2875,1.0
C0396,0.3601278704152428,0.7323529,1.0
C0397,-0.2960482389988517,-0.37666667,1.0
C0398,0.1292009074516197,0.4,1.0
C0399,-0.2662697859045786,-0.62916666,1.0
C0400,0.2575778866414424,0.63214284,1.0
C0401,0.2301555546821069,0.70714283,1.0
C0402,-0.245439288122319,-0.6,1.0
C0403,0.2960037648648629,0.65,1.0
C0404,0.0556624409591595,0.07424243,1.0
C0405,0.288347622854715,0.665625,1.0
C0406,-0.3823732000063919,-0.71,1.0
C0407,0.0948426799927742,0.21071428,1.0
C0408,-0.2162127608892625,0.0,0.0
C0409,0.2960474964262345,0.625,1.0
C0410,-0.2816761142386507,-0.5083333,1.0
C0411,0.1599619175343413,0.324,1.0
C0412,-0.0562518521755861,-0.14736842,1.0
C0413,0.2015950978210195,0.59444445,1.0
C0414,-0.3453901716292724,-0.5839286,1.0
C0415,0.3815918876535685,0.7416667,1.0
C0416,-0.0701290032265214,-0.3,1.0
C0417,0.2955444487390535,0.7590909,1.0
C0418,-0.2916223235368094,-0.60714287,1.0
C0419,0.2185521736908416,0.5647059,1.0
C0420,-0.2550880221200781,-0.5521739,1.0
C0421,0.1227866605430408,0.4625,1.0
C0422,-0.2584935320960063,-0.68333334,1.0
C0423,0.2607649039783034,0.8125,1.0
C0424,-0.115110294953256,-0.85,1.0
C0425,0.2741174015638726,0.6342105,1.0
C0426,-0.2524201927478081,-0.7192308,1.0
C0427,0.2065289405563126,0.5,1.0
C0428,-0.3297462331485413,-0.573,1.0
C0429,0.2893263925615244,0.75,1.0
C0430,0.1230296238107865,0.25225225,1.0
C0431,-0.2754569370075864,-0.57941175,1.0
C0432,0.3016391515692899,0.76666665,1.0
C0433,-0.2295455309540139,-0.61,1.0
C0434,0.2367767252617775,0.48448277,1.0
C0435,-0.2647506641752079,-0.55895525,1.0
C0436,0.2464659416027603,0.475,1.0
C0437,-0.1809536999673837,-0.5472222,1.0
C0438,0.2052458257124217,0.27916667,1.0
C0439,-0.3554322138832554,-0.55588233,1.0
C0440,0.2741102932622262,0.58125,1.0
C0441,-0.4201586911442896,-0.6755814,1.0
C0442,0.3086833231865629,0.52666664,1.0
C0443,-0.3066117077852697,-0.6184211,1.0
C0444,0.2015667226580351,0.35192308,1.0
C0445,-0.1140992044312976,0.06875,1.0
C0446,-0.1834894811034036,-0.29,1.0
C0447,0.2762453795547638,0.66571426,1.0
C0448,-0.2413428772264243,-0.7625,1.0
C0449,0.2727512519441506,0.5833333,1.0
C0450,-0.2936430251784279,-0.43666667,1.0
C0451,0.3247943275122502,0.77307695,1.0
C0452,-0.1914809066502006,-0.4857143,1.0
C0453,0.2570008195691315,0.49347827,1.0
C0454,-0.2349676016055784,-0.5472222,1.0
C0455,0.3315591636953077,0.67105263,1.0
C0456,-0.0708353193083995,-0.194375,1.0
C0457,0.1689607858096966,0.2,1.0
C0458,-0.276682876042259,-0.59090906,1.0
C0459,0.2462787501535796,0.57058823,1.0
C0460,-0.0256943230151917,0.25,1.0
C0461,-0.304337527753562,-0.695,1.0
C0462,0.2287028889424492,0.7291667,1.0
C0463,-0.1878723993078686,-0.59444445,1.0
C0464,0.3243731567182794,0.6454545,1.0
C0465,-0.1755818762566472,-0.39117646,1.0
C0466,0.3513378496622263,0.75,1.0
C0467,-0.1861365394797041,-0.63,1.0
C0468,0.2143271748675101,0.6333333,1.0
C0469,-0.2127202573798789,-0.6333333,1.0
C0470,0.326988684591904,0.78333336,1.0
C0471,-0.2899893733145344,-0.36,1.0
C0472,0.2968150636621837,0.458,1.0
C0473,-0.2782059645169876,-0.5,1.0
C0474,0.0938872160638291,0.6333333,1.0
C0475,-0.1792986832966519,-0.65294117,1.0
C0476,0.0785590389340419,0.16111112,1.0
C0477,-0.3672201372564113,-0.67727274,1.0
C0478,0.296479381367501,0.6227273,1.0
C0479,-0.2643447671068808,-0.67903227,1.0
C0480,0.3388828366619838,0.58,1.0
C0481,-0.3249951173934777,-0.78333336,1.0
C0482,0.1432054122877746,0.34130436,1.0
C0483,-0.1286289006792365,0.0,0.0
C0484,0.2629417470483842,0.6357143,1.0
C0485,-0.3550094432081753,-0.62333333,1.0
C0486,0.2122446913654719,0.2,1.0
C0487,-0.1479282078096721,-0.28846154,1.0
C0488,0.2406301649910739,0.725,1.0
C0489,-0.3091393323641264,-0.73333335,1.0
C0490,0.2796344372844804,0.6357143,1.0
C0491,-0.1525980463378857,-0.021428572,1.0
C0492,0.2001963644238165,0.568,1.0
C0493,-0.2775443665721202,-0.5772727,1.0
C0494,0.1924464088871645,0.76666665,1.0
C0495,-0.3285952823045061,-0.61326534,1.0
C0496,0.1887843722812913,0.49375,1.0
C0497,0.1719403546398236,0.34375,1.0
C0498,-0.1797782065149631,-0.45,1.0
C0499,-0.318330822671082,-0.56777775,1.0
C0500,0.1770852474359384,0.505,1.0
C0501,-0.3074745312454552,-0.66125,1.0
C0502,0.2744641949940198,0.6557143,1.0
C0503,0.264382649305066,0.71666664,1.0
C0504,-0.2573635794357742,-0.6458333,1.0
C0505,0.3279192854973905,0.585,1.0
C0506,-0.2967072571400207,-0.6363636,1.0
C0507,-0.1907249244093062,-0.725,1.0
C0508,0.3682955653824044,0.625,1.0
C0509,-0.2801775670805558,-0.68333334,1.0
C0510,0.1248394867182649,0.33125,1.0
C0511,-0.2997137044329916,-0.6,1.0
C0512,0.211615227254803,0.42894736,1.0
C0513,-0.2496474201484204,-0.725,1.0
C0514,0.1687339776195472,0.45909092,1.0
C0515,-0.2831897914621029,-0.71666664,1.0
C0516,0.2820150863290633,0.65,1.0
C0517,-0.1798987127334247,-0.49583334,1.0
C0518,0.2633350921631079,0.54583335,1.0
C0519,-0.145585657857828,-0.06111111,1.0
C0520,0.3579659576155687,0.63611114,1.0
C0521,-0.3936930669494905,-0.6375,1.0
C0522,0.3191216357526907,0.69473684,1.0
C0523,-0.2185810793980463,-0.51428574,1.0
C0524,0.1295297251616787,0.75,1.0
C0525,-0.276589447749358,-0.45714286,1.0
C0526,0.3511929717997853,0.61785716,1.0
C0527,-0.2343867910386909,-0.59375,1.0
C0528,0.1668118646233862,0.45909092,1.0
C0529,-0.297262751064774,-0.6,1.0
C0530,0.1497691641757993,0.36,1.0
C0531,-0.3373419409712126,-0.4625,1.0
C0532,0.2104675274652101,0.69166666,1.0
C0533,-0.3504185159362243,-0.55657893,1.0
C0534,0.3027755856964354,0.67959183,1.0
C0535,-0.3705895121205713,-0.56333333,1.0
C0536,0.3308801814912178,0.835,1.0
C0537,-0.3606597145503025,-0.775,1.0
C0538,0.1779625467955623,0.0,0.0
C0539,-0.3534299948181824,-0.8,1.0
C0540,0.3040468415680782,0.6041667,1.0
C0541,-0.3489658044235125,-0.62857145,1.0
C0542,0.1733525396881611,0.43333334,1.0
C0543,-0.1694508772443894,-0.3611111,1.0
C0544,0.2325051158028966,0.76,1.0
C0545,-0.2298202837328688,-0.5,1.0
C0546,0.081763292957638,0.7,1.0
C0547,-0.3427261359722763,-0.7607143,1.0
C0548,0.2350279164443723,0.50454545,1.0
C0549,-0.1802130226518787,-0.635,1.0
C0550,-0.0092818217646561,-0.05909091,1.0
C0551,-0.3385517768528945,-0.5779412,1.0
C0552,0.2804763936095203,0.74444443,1.0
C0553,0.3102862831343037,0.60714287,1.0
C0554,-0.3369004207859672,-0.675,1.0
C0555,0.2603517245461695,0.375,1.0
C0556,-0.1230489019371224,-0.22941177,1.0
C0557,0.2489671727594085,0.65,1.0
C0558,-0.2663567481154622,-0.61153847,1.0
C0559,0.3154953532523615,0.8,1.0
C0560,-0.3816583741629163,-0.6546875,1.0
C0561,0.1074740428503611,0.37857142,1.0
C0562,0.2657812010392139,0.5833333,1.0
C0563,-0.2476275072506057,-0.52666664,1.0
C0564,0.3122276380410304,0.73125,1.0
C0565,-0.2285051434686091,-0.62,1.0
C0566,0.0671987880340294,0.3625,1.0
C0567,-0.2887265091347863,-0.7,1.0
C0568,0.2002515829052282,0.78333336,1.0
C0569,-0.1474788668480525,-0.42173913,1.0
C0570,0.24736766688036,0.65,1.0
C0571,-0.2530955203463276,-0.65,1.0
C0572,0.1333280826747036,0.31333333,1.0
C0573,-0.2946707437577171,-0.675,1.0
C0574,0.234864327214164,0.6118421,1.0
C0575,-0.3806748385087062,-0.5277778,1.0
C0576,0.2137967654436413,0.60375,1.0
C0577,-0.3325640368743611,-0.39166668,1.0
C0578,0.227282512075139,0.5,1.0
C0579,-0.1779761449133921,-0.38,1.0
C0580,0.1411947364005808,0.55,1.0
C0581,-0.3308675461115835,-0.64375,1.0
C0582,0.1564579652758053,0.5477273,1.0
C0583,-0.3550310373507769,-0.5875,1.0
C0584,0.2868277569647239,0.8,1.0
C0585,-0.1390196582580662,-0.2173913,1.0
C0586,0.2123460711740862,0.4375,1.0
C0587,-0.1526851559899524,-0.46190476,1.0
C0588,0.1799902442779652,0.35434783,1.0
C0589,-0.2902482338272275,-0.73333335,1.0
C0590,0.0768782712398011,0.2,1.0
C0591,-0.3752390039435041,-0.7375,1.0
C0592,0.2394725040900298,0.64166665,1.0
C0593,0.2620460349654718,0.71911764,1.0
C0594,-0.1667236041747571,-0.59444445,1.0
C0595,0.1694970934671703,0.675,1.0
C0596,-0.3155431662644944,-0.58125,1.0
C0597,0.0176655785071078,-0.025,1.0
C0598,-0.2179764864550405,-0.3125,1.0
C0599,0.2832530475733951,0.78333336,1.0
C0600,-0.3484163964490246,-0.585,1.0
C0601,0.2450304399981335,0.7416667,1.0
C0602,-0.3128107054581741,-0.57857144,1.0
C0603,0.3232236805523005,0.775,1.0
C0604,0.0162038070162525,-0.33333334,1.0
C0605,0.2369695406279282,0.39166668,1.0
C0606,-0.3423544877922501,-0.715,1.0
C0607,-0.2859243065024772,-0.5,1.0
C0608,0.2343675827230297,0.55,1.0
C0609,0.0871362562571832,0.29090908,1.0
C0610,-0.1835645977736387,-0.42727274,1.0
C0611,0.2181530755401063,0.46,1.0
C0612,-0.1591694586120645,-0.4027778,1.0
C0613,0.2283938371316488,0.665,1.0
C0614,-0.3785472886845827,-0.725,1.0
C0615,0.3091504357740405,0.58666664,1.0
C0616,-0.3584604021544177,-0.4125,1.0
C0617,0.3179482677207216,0.55277777,1.0
C0618,-0.186989506135694,-0.65,1.0
C0619,0.3543315228447046,0.7030303,1.0
C0620,-0.1590800833869559,-0.425,1.0
C0621,-0.0051806148390133,-0.045,1.0
C0622,0.3862758303572096,0.7529412,1.0
C0623,-0.1863762246691603,-0.53,1.0
C0624,0.2831094165230061,0.62857145,1.0
C0625,-0.2929363967802211,-0.65882355,1.0
C0626,0.2004995797861253,0.37272727,1.0
C0627,0.2459944504710654,0.48333332,1.0
C0628,-0.2575217788452197,-0.559375,1.0
C0629,0.2746103615186019,0.76,1.0
C0630,-0.2803559230890675,-0.575,1.0
C0631,0.2495590288711423,0.61071426,1.0
C0632,-0.147585929405792,-0.6,1.0
C0633,0.2573622336672076,0.5472222,1.0
C0634,-0.2930867610541379,-0.66206896,1.0
C0635,0.4010472187213034,0.6357143,1.0
C0636,-0.363009315034371,-0.7125,1.0
C0637,0.2404302114097536,0.55714285,1.0
C0638,0.0702614309719259,0.10789473,1.0
C0639,-0.1674751023749977,-0.30833334,1.0
C0640,0.0506858776187024,0.05,1.0
C0641,0.28335387834271,0.5,1.0
C0642,-0.1815064387873234,-0.14166667,1.0
C0643,-0.0291267589978942,0.24117647,1.0
C0644,-0.3420558637931871,-0.6571429,1.0
C0645,0.3636740826923524,0.5642857,1.0
C0646,-0.0183957490858514,0.0,0.0
C0647,0.2597250794013,0.6431818,1.0
C0648,-0.1566559523575669,-0.42777777,1.0
C0649,0.3099741928646578,0.6333333,1.0
C0650,-0.2212216463577542,-0.43333334,1.0
C0651,0.1690196676867448,0.6892857,1.0
C0652,-0.2556997237677368,-0.4967213,1.0
C0653,0.1848568579741762,0.60714287,1.0
C0654,-0.1025688578873229,-0.26,1.0
C0655,0.3146792907704533,0.60714287,1.0
C0656,-0.2207123346386603,-0.225,1.0
C0657,0.3171349649911675,0.6657895,1.0
C0658,-0.3420276614907522,-0.6625,1.0
C0659,-0.2309393460616843,-0.65,1.0
C0660,0.2593520033670216,0.59090906,1.0
C0661,0.3041203001538984,0.8,1.0
C0662,-0.3401132142316493,-0.53125,1.0
C0663,0.1217542061382331,0.27745098,1.0
C0664,0.320476366521184,0.75,1.0
C0665,-0.3409279555227954,-0.73,1.0
C0666,0.145987226748695,0.175,1.0
C0667,-0.2829402544161503,-0.56333333,1.0
C0668,0.2776338001075632,0.71,1.0
C0669,-0.2012024927315517,-0.45,1.0
C0670,-0.1514514113035942,-0.6375,1.0
C0671,0.3238675822998328,0.712963,1.0
C0672,-0.1291618480589237,-0.71,1.0
C0673,0.2279438714814166,0.66875,1.0
C0674,0.1852460636318367,0.37857142,1.0
C0675,-0.086070431190031,-0.175,1.0
C0676,0.269925741584921,0.5875,1.0
C0677,-0.309657064850298,-0.7083333,1.0
C0678,0.275264013985904,0.71666664,1.0
C0679,-0.3746194816835772,-0.683871,1.0
C0680,0.1804816409609676,0.68333334,1.0
C0681,-0.2635140065084819,-0.51785713,1.0
C0682,0.2972968101714358,0.49642858,1.0
C0683,-0.3095064152416756,-0.65909094,1.0
C0684,0.2819495080351076,0.59705883,1.0
C0685,0.0607461560536608,0.14516129,1.0
C0686,-0.1517598938127722,-0.42666668,1.0
C0687,0.255731699427545,0.7604167,1.0
C0688,-0.2895013402821104,-0.34444445,1.0
C0689,0.1862595608780134,0.5541667,1.0
C0690,-0.3104871066242701,-0.5775,1.0
C0691,0.2833342488779902,0.875,1.0
C0692,-0.1415975958833794,-0.15,1.0
C0693,0.1173119721849898,0.23125,1.0
C0694,-0.2956798241379164,-0.575,1.0
C0695,0.1906738974748954,0.453125,1.0
C0696,-0.2069231848630813,-0.5625,1.0
C0697,0.0557411701945312,0.29516128,1.0
C0698,-0.1858115376860867,-0.56153846,1.0
C0699,0.2402548563201392,0.6472222,1.0
C0700,-0.417506005879615,-0.7318182,1.0
C0701,0.3893230994536474,0.6333333,1.0
C0702,-0.1790846189423738,0.1,1.0
C0703,0.2901444825479219,0.4,1.0
C0704,-0.2486192605786037,-0.725,1.0
C0705,0.1493012208314099,0.4611111,1.0
C0706,-0.3357298998997177,-0.6909091,1.0
C0707,0.1366578900138111,0.6571429,1.0
C0708,-0.1990739035251364,-0.6657895,1.0
C0709,0.3863434448808687,0.7818182,1.0
C0710,-0.3527489723224131,-0.6391304,1.0
C0711,0.2389032738107546,0.58125,1.0
C0712,-0.2352589391379817,-0.67,1.0
C0713,0.2273774263010881,0.36666667,1.0
C0714,-0.1882356350461974,-0.58125,1.0
C0715,0.3191583356370074,0.59166664,1.0
C0716,-0.1943534579904182,-0.6,1.0
C0717,0.3284130284168295,0.7916667,1.0
C0718,-0.0108889994326884,-0.45833334,1.0
C0719,-0.2534611631095658,-0.57272726,1.0
C0720,0.2095610071160459,0.46,1.0
C0721,-0.3454561777150248,-0.64074075,1.0
C0722,0.2080194106477972,0.34130436,1.0
C0723,-0.0844364383349548,-0.4,1.0
C0724,0.2414054782955923,0.45,1.0
C0725,-0.3300830403978783,-0.62884617,1.0
C0726,0.2334256080569964,0.425,1.0
C0727,0.2436831630223133,0.40357143,1.0
C0728,-0.2620796012283596,-0.38703704,1.0
C0729,0.2677356020894164,0.5125,1.0
C0730,-0.1103732280208297,-0.525,1.0
C0731,0.2681520014996583,0.55,1.0
C0732,-0.2066959982121415,-0.37857142,1.0
C0733,-0.2378156257878365,-0.60882354,1.0
C0734,0.2406326366374991,0.47727272,1.0
C0735,-0.3167553977019048,-0.74,1.0
C0736,0.3755361242790743,0.5833333,1.0
C0737,-0.3242445373772334,-0.43,1.0
C0738,0.3512580991455559,0.61125,1.0
C0739,0.1672808748164959,0.56666666,1.0
C0740,-0.2888373236057001,-0.55,1.0
C0741,0.3196952423937168,0.7178571,1.0
C0742,-0.2510806697929162,-0.7259259,1.0
C0743,0.3906025413199355,0.5825,1.0
C0744,0.2217892645935686,0.47916666,1.0
C0745,-0.2753041763791178,-0.41428572,1.0
C0746,0.2349051048035779,0.5,1.0
C0747,-0.1455344510107158,-0.32083333,1.0
C0748,0.3563530165770938,0.7058824,1.0
C0749,-0.2531893199276467,-0.655,1.0
C0750,0.1967308663010662,0.5882353,1.0
C0751,-0.3174960285237437,-0.65,1.0
C0752,0.3289728768266577,0.545,1.0
C0753,-0.2269423152836794,-0.52,1.0
C0754,0.3229452233856182,0.735,1.0
C0755,-0.4006752633599478,-0.6625,1.0
C0756,0.2993452347903649,0.66,1.0
C0757,-0.3291074839014293,-0.3892857,1.0
C0758,0.3026882722654549,0.57222223,1.0
C0759,0.3001419966734999,0.725,1.0
C0760,-0.3387218736494281,-0.61730766,1.0
C0761,0.1805518467761939,0.32142857,1.0
C0762,-0.4264779773798874,-0.63,1.0
C0763,0.3406827529533515,0.615,1.0
C0764,-0.1413907412042308,-0.3413793,1.0
C0765,0.3075678656037715,0.515,1.0
C0766,-0.2704649413832146,-0.55,1.0
C0767,0.2914900342664149,0.74,1.0
C0768,-0.4146999541798358,-0.71,1.0
C0769,0.1638567037361211,0.20833333,1.0
C0770,-0.2193209609548263,-0.47,1.0
C0771,0.2763442118444076,0.68125,1.0
C0772,-0.2326795206803897,-0.49907407,1.0
C0773,0.2763428828193852,0.73333335,1.0
C0774,0.1853670396486919,0.63809526,1.0
C0775,-0.3395867396735741,-0.75,1.0
C0776,0.2738256599412642,0.45,1.0
C0777,-0.2316292122330197,-0.49285713,1.0
C0778,0.1785407014077331,0.41875,1.0
C0779,-0.0890926188446224,-0.085,1.0
C0780,0.402475336375232,0.7736842,1.0
C0781,-0.2198293844309264,-0.5366667,1.0
C0782,0.3305446255725579,0.73846155,1.0
C0783,-0.3653536666502298,-0.65,1.0
C0784,0.2570349034347055,0.7160714,1.0
C0785,-0.4070068844527378,-0.6431034,1.0
C0786,0.1870919725400029,0.4775862,1.0
C0787,-0.2026501599828917,-0.625,1.0
C0788,0.2762458255177612,0.7,1.0
C0789,-0.3183578670373303,-0.6272727,1.0
C0790,0.3174224801517344,0.6785714,1.0
C0791,-0.0782015726489916,-0.45625,1.0
C0792,0.2518302342452095,0.62222224,1.0
C0793,-0.2317395872235804,-0.5607143,1.0
C0794,0.1797256430246541,0.165,1.0
C0795,-0.2910691030453944,-0.8,1.0
C0796,0.1185191775731481,0.14411765,1.0
C0797,-0.2079733482945911,-0.5733333,1.0
C0798,0.1195958760474821,0.0,0.0
C0799,-0.2585154074419943,-0.4,1.0
C0800,0.3045047869339177,0.5,1.0
C0801,-0.0822304065967998,-0.20576923,1.0
C0802,0.2253668292922144,0.0,0.0
C0803,-0.2349555672466441,-0.725,1.0
C0804,0.3022764101812591,0.6483871,1.0
C0805,0.0099540327170067,0.175,1.0
C0806,-0.1172497835626398,-0.6166667,1.0
C0807,0.3419367796253429,0.75,1.0
C0808,-0.2467468319030191,-0.61470586,1.0
C0809,0.3290445615631556,0.7192308,1.0
C0810,-0.008153516137268,-0.35,1.0
C0811,-0.2337915294989159,-0.56969696,1.0
C0812,-0.1623940304649407,-0.46666667,1.0
C0813,0.090813845440081,0.75,1.0
C0814,0.0508834756624356,0.08571429,1.0
C0815,-0.2140328663492891,-0.5176471,1.0
C0816,0.1321262453443661,0.0,0.0
C0817,-0.2295951668186793,-0.43611112,1.0
C0818,-0.3017413858623461,-0.57884616,1.0
C0819,0.2294657802336281,0.7,1.0
C0820,-0.2547911986249843,-0.67142856,1.0
C0821,0.383694873034673,0.6964286,1.0
C0822,-0.2457599557666818,-0.27,1.0
C0823,0.2592200328147238,0.6818182,1.0
C0824,-0.0951605802465252,-0.1875,1.0
C0825,0.3595035512992937,0.7772727,1.0
C0826,-0.1304697418775614,0.016666668,1.0
C0827,0.2749400076677072,0.625,1.0
C0828,-0.1688542116701535,-0.3225,1.0
C0829,0.2875491012881862,0.6846154,1.0
C0830,-0.2307473894494747,-0.58,1.0
C0831,-0.2365144110900907,-0.4952381,1.0
C0832,0.2486999041156909,0.9,1.0
C0833,-0.2961213473287375,-0.775,1.0
C0834,0.2699467136879829,0.73571426,1.0
C0835,-0.0775969960358619,-0.28333333,1.0
C0836,0.246068187208466,0.675,1.0
C0837,0.2638116779610466,0.56842107,1.0
C0838,-0.3051406192213899,-0.5555556,1.0
C0839,0.2114483020953648,0.625,1.0
C0840,-0.2808618135154116,-0.7029412,1.0
C0841,0.3334521318131414,0.7625,1.0
C0842,-0.2358908681661403,-0.55625,1.0
C0843,0.1298941646910319,0.525,1.0
C0844,-0.33399606886743,-0.7125,1.0
C0845,0.2880194645196554,0.6351852,1.0
C0846,0.1140271153121688,0.24310344,1.0
C0847,-0.3389133544596683,-0.68846154,1.0
C0848,0.3553765213946529,0.665,1.0
C0849,-0.3162707314878372,-0.3,1.0
C0850,0.2168467319747616,0.6551724,1.0
C0851,-0.287226541799174,-0.6875,1.0
C0852,0.2040256985082589,0.5409091,1.0
C0853,-0.262136574304673,-0.6,1.0
C0854,0.2559299016566562,0.6625,1.0
C0855,-0.2816096119144713,-0.6333333,1.0
C0856,0.2397541604498634,0.72,1.0
C0857,-0.4146152037488251,-0.73846155,1.0
C0858,0.1478495825547434,0.23125,1.0
C0859,-0.2287024257268716,-0.61315787,1.0
C0860,0.2893007341443092,0.7375,1.0
C0861,-0.324725961969515,-0.69375,1.0
C0862,0.1600494766709009,0.2382353,1.0
C0863,-0.2401364575265436,-0.775,1.0
C0864,0.2619006670981509,0.6727273,1.0
C0865,-0.2202687429100323,-0.4221154,1.0
C0866,0.2996392393005846,0.42777777,1.0
C0867,-0.3531201606171226,-0.78125,1.0
C0868,0.2219971832008674,0.5309524,1.0
C0869,-0.1719766384322906,-0.125,1.0
C0870,0.2777061922233871,0.5884615,1.0
C0871,-0.2010253451931953,-0.6052632,1.0
C0872,0.2497990945141954,0.59594595,1.0
C0873,-0.1951894214185642,-0.50135136,1.0
C0874,0.2686631292575956,0.69,1.0
C0875,0.2305349022812175,0.4,1.0
C0876,-0.4009859689555072,-0.6315789,1.0
C0877,0.198424002410445,0.585,1.0
C0878,-0.3192514845976736,-0.5566667,1.0
C0879,0.2486984301528197,0.66818184,1.0
C0880,-0.2819675794228555,-0.54,1.0
C0881,0.2095276517615263,0.24285714,1.0
C0882,-0.2499696796052922,-0.665,1.0
C0883,0.3068423588185001,0.6888889,1.0
C0884,-0.3211763510274236,-0.57857144,1.0
C0885,0.0553260929656467,0.2375,1.0
C0886,-0.1131705406729807,-0.51,1.0
C0887,0.2546066390429892,0.65,1.0
C0888,0.1910073016112065,0.45909092,1.0
C0889,-0.3674237180540552,-0.47105262,1.0
C0890,0.2339653609774028,0.526087,1.0
C0891,-0.2992915042135602,-0.66,1.0
C0892,0.3529162220496599,0.7386364,1.0
C0893,-0.1458831559003312,-0.5833333,1.0
C0894,0.2162313293980208,0.65,1.0
C0895,-0.2438142102028331,-0.43157893,1.0
C0896,0.2734298266380355,0.325,1.0
C0897,-0.2894440079689726,-0.6357143,1.0
C0898,0.2045224820202412,0.625,1.0
C0899,-0.1978197500669258,-0.5,1.0
C0900,0.192687192282818,0.49166667,1.0
C0901,-0.2581781277701335,-0.5214286,1.0
C0902,0.3048901474731516,0.618,1.0
C0903,0.008369620253516,-0.06333333,1.0
C0904,0.2916755040822312,0.72,1.0
C0905,-0.2427815457239516,-0.72307694,1.0
C0906,0.2025359295976328,0.336,1.0
C0907,-0.2422432444852631,-0.4375,1.0
C0908,0.3413320390777716,0.73125,1.0
C0909,-0.4478184767661345,-0.49285713,1.0
C0910,0.2723846237086369,0.6210526,1.0
